{
  "AddPackageInIqasWeb": true,
  "CreatePackageOfCore": true,
  "CreatePackageOfEngine": true,
  "CurrentVersion": "13.0.0",
  "RebuildBuildIqasWeb": true,
  "RebuildScanner": false,
  "DependencyConfiguration": [
    {
      "TrailingPath": "iqas-core\\src\\IQAS.Core.CloudComponents\\IQAS.Core.CloudComponents.csproj",
      "CreatePackage": true,
      "ID": "IQAS.Core.CloudComponents",
      "DependentPackageIDs": [],
      "AddDependentNugetPackage": true
    },
    {
      "TrailingPath": "iqas-core\\src\\IQAS.Core.Model\\IQAS.Core.Model.csproj",
      "CreatePackage": true,
      "ID": "IQAS.Core.Model",
      "DependentPackageIDs": [],
      "AddDependentNugetPackage": true
    },
    {
      "TrailingPath": "iqas-core\\src\\IQAS.Core.Repository\\IQAS.Core.Repository.csproj",
      "CreatePackage": true,
      "ID": "IQAS.Core.Repository",
      "DependentPackageIDs": [],
      "AddDependentNugetPackage": true
    },
    {
      "TrailingPath": "iqas-core\\src\\IQAS.Core.SharedUtilities\\IQAS.Core.SharedUtilities.csproj",
      "CreatePackage": true,
      "ID": "IQAS.Core.SharedUtilities",
      "DependentPackageIDs": [],
      "AddDependentNugetPackage": true
    },
    {
      "TrailingPath": "iqas-core\\src\\Tests\\Tests.csproj",
      "CreatePackage": false,
      "ID": "Tests",
      "DependentPackageIDs": [],
      "AddDependentNugetPackage": true
    },
    {
      "TrailingPath": "iqas-scan-engine\\src\\IQAS.Engine\\IQAS.Engine.csproj",
      "CreatePackage": true,
      "ID": "IQAS.Engine",
      "DependentPackageIDs": [
        "IQAS.Core.SharedUtilities"
      ],
      "AddDependentNugetPackage": true
    },
    {
      "TrailingPath": "iqas-scan-engine\\src\\IQAS.Engine.SimilarityAlgorithms\\IQAS.Engine.SimilarityAlgorithms.csproj",
      "CreatePackage": true,
      "ID": "IQAS.Engine.SimilarityAlgorithms",
      "DependentPackageIDs": [
        "IQAS.Core.SharedUtilities"
      ],
      "AddDependentNugetPackage": true
    },
    {
      "TrailingPath": "iqas-scan-engine\\src\\IQAS.Engine.UnitTests\\IQAS.Engine.UnitTests.csproj",
      "CreatePackage": false,
      "ID": "IQAS.Engine.UnitTests",
      "DependentPackageIDs": [
        "IQAS.Core.SharedUtilities"
      ],
      "AddDependentNugetPackage": true
    },
    {
      "TrailingPath": "iqas-scanner\\src\\IQAS.DevOps\\IQAS.DevOps.csproj",
      "CreatePackage": false,
      "ID": "IQAS.DevOps",
      "DependentPackageIDs": [
        "IQAS.Core.SharedUtilities",
        "IQAS.Scanner.Report",
        "IQAS.Scanner.ScanListSourceCollection"
      ],
      "AddDependentNugetPackage": true
    },
    {
      "TrailingPath": "iqas-scanner\\src\\IQAS.Tests.PerformanceTests\\IQAS.Tests.PerformanceTests.csproj",
      "CreatePackage": false,
      "ID": "IQAS.Tests.PerformanceTests",
      "DependentPackageIDs": [
        "IQAS.Engine",
        "IQAS.Scanner.Reporter.WindowService",
        "IQAS.Scanner.UnitTests"
      ],
      "AddDependentNugetPackage": true
    },
    {
      "TrailingPath": "iqas-scanner\\src\\IQAS.Scanner.Consumer.WindowService\\IQAS.Scanner.Consumer.WindowService.csproj",
      "CreatePackage": false,
      "ID": "IQAS.Scanner.Consumer.WindowService",
      "DependentPackageIDs": [
        "IQAS.Core.SharedUtilities",
        "IQAS.Engine",
        "IQAS.Scanner.Core.WindowService",
        "IQAS.Scanner.Util"
      ],
      "AddDependentNugetPackage": true
    },
    {
      "TrailingPath": "iqas-scanner\\src\\IQAS.Scanner.Core.WindowService\\IQAS.Scanner.Core.WindowService.csproj",
      "CreatePackage": false,
      "ID": "IQAS.Scanner.Core.WindowService",
      "DependentPackageIDs": [
        "IQAS.Core.SharedUtilities",
        "IQAS.Engine"
      ],
      "AddDependentNugetPackage": true
    },
    {
      "TrailingPath": "iqas-scanner\\src\\IQAS.Scanner.FileProcessor\\IQAS.Scanner.FileProcessor.csproj",
      "CreatePackage": false,
      "ID": "IQAS.Scanner.FileProcessor",
      "DependentPackageIDs": [
        "IQAS.Core.SharedUtilities",
        "IQAS.Scanner.SharedRequestProduction",
        "IQAS.Scanner.Util"
      ],
      "AddDependentNugetPackage": true
    },
    {
      "TrailingPath": "iqas-scanner\\src\\IQAS.Scanner.MaintenanceWorker.WindowService\\IQAS.Scanner.MaintenanceWorker.WindowService.csproj",
      "CreatePackage": false,
      "ID": "IQAS.Scanner.MaintenanceWorker.WindowService",
      "DependentPackageIDs": [
        "IQAS.Scanner.Core.WindowService",
        "IQAS.Scanner.Util"
      ],

      "AddDependentNugetPackage": true
    },
    {
      "TrailingPath": "iqas-scanner\\src\\IQAS.Scanner.Report\\IQAS.Scanner.Report.csproj",
      "CreatePackage": false,
      "ID": "IQAS.Scanner.Report",
      "DependentPackageIDs": [
        "IQAS.Core.SharedUtilities",
        "IQAS.Scanner.Util"
      ],
      "AddDependentNugetPackage": true
    },
    {
      "TrailingPath": "iqas-scanner\\src\\IQAS.Scanner.Reporter.WindowService\\IQAS.Scanner.Reporter.WindowService.csproj",
      "CreatePackage": false,
      "ID": "IQAS.Scanner.Reporter.WindowService",
      "DependentPackageIDs": [
        "IQAS.Scanner.Core.WindowService",
        "IQAS.Scanner.Report"
      ],

      "AddDependentNugetPackage": true
    },
    {
      "TrailingPath": "iqas-scanner\\src\\IQAS.Scanner.UnitTests\\IQAS.Scanner.UnitTests.csproj",
      "CreatePackage": false,
      "ID": "IQAS.Scanner.UnitTests",
      "DependentPackageIDs": [
        "IQAS.Engine",
        "IQAS.DevOps",
        "IQAS.Scanner.Consumer.WindowService",
        "IQAS.Scanner.FileProcessor",
        "IQAS.Scanner.MaintenanceWorker.WindowService",
        "IQAS.Scanner.Report",
        "IQAS.Scanner.Reporter.WindowService",
        "IQAS.Scanner.ScanListSourceCollection",
        "IQAS.Scanner.Util"
      ],
      "AddDependentNugetPackage": true
    },
    {
      "TrailingPath": "iqas-scanner\\src\\IQAS.Scanner.ScanListSourceCollection\\IQAS.Scanner.ScanListSourceCollection.csproj",
      "CreatePackage": true,
      "ID": "IQAS.Scanner.ScanListSourceCollection",
      "DependentPackageIDs": [
        "IQAS.Core.SharedUtilities",
        "IQAS.Core.Model",
        "IQAS.Scanner.Util"
      ],
      "AddDependentNugetPackage": true
    },
    {
      "TrailingPath": "iqas-scanner\\src\\IQAS.Scanner.SharedRequestProduction\\IQAS.Scanner.SharedRequestProduction.csproj",
      "CreatePackage": true,
      "ID": "IQAS.Scanner.SharedRequestProduction",
      "DependentPackageIDs": [
        "IQAS.Core.SharedUtilities",
        "IQAS.Scanner.ScanListSourceCollection"
      ],
      "AddDependentNugetPackage": true
    },
    {
      "TrailingPath": "iqas-scanner\\src\\IQAS.Scanner.Util\\IQAS.Scanner.Util.csproj",
      "CreatePackage": true,
      "ID": "IQAS.Scanner.Util",
      "DependentPackageIDs": [
        "IQAS.Engine"
      ],
      "AddDependentNugetPackage": true
    },
    {
      "TrailingPath": "iqas-iqautoscan3\\RedFlg99NetCore\\RedFlg99NetCore.csproj",
      "CreatePackage": false,
      "ID": "WebSvcImpact",
      "DependentPackageIDs": [],
      "AddDependentNugetPackage": false
    },
    {
      "TrailingPath": "iqas-iqautoscan3\\CustomWebService\\WebSvcImpact\\WebSvcImpact.csproj",
      "CreatePackage": false,
      "ID": "WebSvcImpact",
      "DependentPackageIDs": [
        "IQAS.Scanner.Report",
        "IQAS.Scanner.Util",
        "IQAS.Core.SharedUtilities",
        "AutoScanLib",
        "IQAS.WebSvc.Core",
        "IQAS.EvsConnector"
      ],
      "AddDependentNugetPackage": true
    },
    {
      "TrailingPath": "iqas-iqautoscan3\\AutoScan3\\AutoScanLib\\AutoScanLib.csproj",
      "CreatePackage": false,
      "ID": "AutoScanLib",
      "DependentPackageIDs": [
        "IQAS.Core.Model",
        "IQAS.Core.Repository",
        "IQAS.Core.SharedUtilities",
        "IQAS.Engine",
        "IQAS.Scanner.SharedRequestProduction",
        "IQAS.Engine.SimilarityAlgorithms",
        "IQAS.Scanner.Report",
        "MongoProviders"
      ],
      "AddDependentNugetPackage": true
    },
    {
      "TrailingPath": "iqas-iqautoscan3\\IQAS.EvsConnector\\IQAS.EvsConnector.csproj",
      "CreatePackage": false,
      "ID": "IQAS.EvsConnector",
      "DependentPackageIDs": [
        "IQAS.Core.Model",
        "IQAS.Core.Repository",
        "IQAS.Core.SharedUtilities",
        "IQAS.Scanner.Report",
        "AutoScanLib",
        "IQAS.WebSvc.Core"
      ],
      "AddDependentNugetPackage": true
    },
    {
      "TrailingPath": "iqas-iqautoscan3\\IQAS.NominoConnector\\IQAS.NominoConnector.csproj",
      "CreatePackage": false,
      "ID": "IQAS.NominoConnector",
      "DependentPackageIDs": [
        "IQAS.Core.Model",
        "IQAS.Core.Repository",
        "IQAS.Core.SharedUtilities"
      ],
      "AddDependentNugetPackage": true
    },
    {
      "TrailingPath": "iqas-iqautoscan3\\IQAS.Web.SingleSignOn\\IQAS.Web.SingleSignOn.csproj",
      "CreatePackage": false,
      "ID": "IQAS.Web.SingleSignOn",
      "DependentPackageIDs": [],

      "AddDependentNugetPackage": true
    },
    {
      "TrailingPath": "iqas-iqautoscan3\\IQAS.Web.SingleSignOnTests\\IQAS.Web.SingleSignOnTests.csproj",
      "CreatePackage": false,
      "ID": "IQAS.Web.SingleSignOnTests",
      "DependentPackageIDs": [],
      "AddDependentNugetPackage": true
    },
    {
      "TrailingPath": "iqas-iqautoscan3\\IQAS.WebSvcUtils\\IQAS.WebSvc.Core.csproj",
      "CreatePackage": false,
      "ID": "IQAS.WebSvc.Core",
      "DependentPackageIDs": [
        "IQAS.Core.Model",
        "IQAS.Core.Repository",
        "IQAS.Core.SharedUtilities",
        "IQAS.Engine",
        "IQAS.Scanner.SharedRequestProduction",
        "IQAS.Scanner.Util",
        "IQAS.Engine.SimilarityAlgorithms",
        "IQAS.Scanner.Report",
        "AutoScanLib",
        "MongoProviders"
      ],
      "AddDependentNugetPackage": true
    },
    {
      "TrailingPath": "iqas-iqautoscan3\\IQAutoScan3\\IQAutoScan3.csproj",
      "CreatePackage": false,
      "ID": "IQAutoScan3",
      "DependentPackageIDs": [
        "IQAS.Core.SharedUtilities",
        "IQAS.Engine",
        "IQAS.Scanner.SharedRequestProduction",
        "IQAS.Scanner.Util",
        "IQAS.Scanner.Report",
        "IQAS.EvsConnector",
        "IQAS.NominoConnector",
        "IQAS.WebSvc.Core"
      ],
      "AddDependentNugetPackage": true
    },
    {
      "TrailingPath": "iqas-iqautoscan3\\IQAutoScan3.Tests\\IQAutoScan3.Tests.csproj",
      "CreatePackage": false,
      "ID": "IQAutoScan3.Tests",
      "DependentPackageIDs": [
        "IQAS.Core.Model",
        "IQAS.Core.Repository",
        "IQAS.Core.SharedUtilities",
        "IQAS.Engine",
        "IQAS.Scanner.Util",
        "IQAS.Engine.SimilarityAlgorithms",
        "IQAS.Scanner.Report",
        "AutoScanLib",
        "IQAS.WebSvc.Core",
        "IQAutoScan3",
        "MongoProviders"
      ],
      "AddDependentNugetPackage": true
    },
    {
      "TrailingPath": "iqas-iqautoscan3\\MongoProviders\\MongoProviders.csproj",
      "CreatePackage": false,
      "ID": "MongoProviders",
      "DependentPackageIDs": [
        "IQAS.Core.Model",
        "IQAS.Core.Repository"
      ],
      "AddDependentNugetPackage": true
    },
    {
      "TrailingPath": "iqas-iqautoscan3\\WebSvcNominoData\\WebSvcNominoData.csproj",
      "CreatePackage": false,
      "ID": "WebSvcNominoData",
      "DependentPackageIDs": [],
      "AddDependentNugetPackage": false
    }

  ],
  "ScannerSolutionTrailingPath": "iqas-scanner\\src\\IQAS.Scanner.sln",
  "Iqautoscan3SolutionTrailingPath": "iqas-iqautoscan3\\IQAutoScan3.sln",
  "EngineTrailingPath": "iqas-scan-engine\\src\\IQAS.Engine.sln",
  "CoreTrailingPath": "iqas-core\\src\\IQAS.Core.sln"
}